<?xml version='1.0' encoding='UTF-8'?>
<UgCategoryList version='1'>
  <category>
    <name value='Home'/>
    <ActiveLimit value='3'/>
    <FinishedLimit value='300'/>
    <RecycledLimit value='300'/>
    <DownloadDefault>
      <DataList>
        <DataClass name='common'>
          <folder value='/home/simon'/>
          <ConnectTimeout value='30'/>
          <TransmitTimeout value='30'/>
          <RetryDelay value='6'/>
          <RetryLimit value='99'/>
          <MaxConnections value='1'/>
          <MaxUploadSpeed value='0'/>
          <MaxDownloadSpeed value='0'/>
          <AttachedStamp value='0'/>
        </DataClass>
      </DataList>
    </DownloadDefault>
    <DownloadIndices/>
  </category>
</UgCategoryList>
