<?xml version="1.0" encoding="UTF-8" standalone="yes" ?>
<FileZilla3>
    <Layout Builddate="2014-09-16" Buildtime="09:48:58">
        <Resources>
            <xrc file="update.xrc" date="1410854020" />
            <xrc file="quickconnectbar.xrc" date="1410854020" />
            <xrc file="netconfwizard.xrc" date="1410854020" />
            <xrc file="certificate.xrc" date="1410854020" />
            <xrc file="inputdialog.xrc" date="1410854020" />
            <xrc file="dialogs.xrc" date="1410854020" />
            <xrc file="menus.xrc" date="1410854020" />
            <xrc file="sitemanager.xrc" date="1410854020" />
            <xrc file="toolbar.xrc" date="1410854020" />
            <xrc file="settings.xrc" date="1410854020" />
        </Resources>
        <Language id="default" date="">
            <Font font="Liberation Sans 10" width="744" height="15" />
            <Dialog name="Settings" width="482" />
        </Language>
    </Layout>
</FileZilla3>
