<?xml encoding="UTF-8" version="1.0"?>
<actions>
  <action>
    <icon>catfish</icon>
    <name>Find files</name>
    <command>catfish --hidden --path=%f</command>
    <description>Search for files with Catfish</description>
    <patterns>*</patterns>
    <directories />
  </action>
  <action>
    <icon>utilities-terminal</icon>
    <name>Open terminal here</name>
    <command>sh -c 'cd %f;x-terminal-emulator'</command>
    <description />
    <patterns>*</patterns>
    <directories />
  </action>
  <action>
    <icon>gksu-root-terminal</icon>
    <name>Open root terminal here</name>
    <command>sh -c 'cd %f;gksudo x-terminal-emulator'</command>
    <description />
    <patterns>*</patterns>
    <directories />
  </action>
  <action>
    <icon>system-file-manager</icon>
    <name>Open as root</name>
    <command>gksudo &quot;x-file-manager %f&quot;</command>
    <description>Open directory as root</description>
    <patterns>*</patterns>
    <directories />
  </action>
  <action>
    <icon>accessories-text-editor</icon>
    <name>Open as root</name>
    <command>gksudo &quot;editor %f&quot;</command>
    <description>Open text file as root</description>
    <patterns>*</patterns>
    <other-files />
    <text-files />
  </action>
  <action>
    <icon>applications-system</icon>
    <name>Check md5 sum</name>
    <command>zenity --info --title=&quot;Check md5 for %n&quot; --text=&quot;$(md5sum %f)&quot;</command>
    <description />
    <patterns>*.iso;*.img;*.sub</patterns>
    <other-files />
  </action>
</actions>
<!--
<actions>
	<action>
		<icon>Terminal</icon>
		<name>Open Terminal Here</name>
		<command>exo-open --working-directory %f --launch TerminalEmulator</command>
		<description>Example for a custom action</description>
		<patterns>*</patterns>
		<directories/>
	</action>
</actions>
-->
