<?xml version="1.0" encoding="UTF-8"?>

<channel name="xfce4-desktop" version="1.0">
  <property name="backdrop" type="empty">
    <property name="screen0" type="empty">
      <property name="monitor0" type="empty">
        <property name="brightness" type="empty"/>
        <property name="color1" type="array">
          <value type="uint" value="0"/>
          <value type="uint" value="0"/>
          <value type="uint" value="0"/>
          <value type="uint" value="65535"/>
        </property>
        <property name="color2" type="empty"/>
        <property name="color-style" type="int" value="0"/>
        <property name="image-path" type="empty"/>
        <property name="image-show" type="bool" value="false"/>
        <property name="last-image" type="empty"/>
        <property name="last-single-image" type="empty"/>
      </property>
    </property>
  </property>
  <property name="desktop-icons" type="empty">
    <property name="icon-size" type="uint" value="32"/>
  </property>
</channel>
