<?xml version="1.0" encoding="UTF-8"?>

<channel name="xfce4-mixer" version="1.0">
  <property name="active-card" type="string" value="HDAIntelPCHAlsamixer"/>
  <property name="volume-step-size" type="uint" value="5"/>
  <property name="sound-card" type="string" value="HDAIntelPCHAlsamixer"/>
  <property name="sound-cards" type="empty">
    <property name="HDAIntelPCHAlsamixer" type="array">
      <value type="string" value="Master"/>
      <value type="string" value="Surround"/>
    </property>
  </property>
  <property name="window-height" type="int" value="400"/>
  <property name="window-width" type="int" value="600"/>
</channel>
