<?xml version="1.0" encoding="UTF-8"?>

<channel name="xfce4-panel" version="1.0">
  <property name="panels" type="array">
    <value type="int" value="0"/>
    <property name="panel-0" type="empty">
      <property name="position" type="string" value="p=6;x=960;y=17"/>
      <property name="length" type="uint" value="100"/>
      <property name="position-locked" type="bool" value="true"/>
      <property name="plugin-ids" type="array">
        <value type="int" value="1"/>
        <value type="int" value="5"/>
        <value type="int" value="18"/>
        <value type="int" value="7"/>
        <value type="int" value="21"/>
        <value type="int" value="20"/>
        <value type="int" value="22"/>
        <value type="int" value="16"/>
        <value type="int" value="3"/>
        <value type="int" value="17"/>
        <value type="int" value="4"/>
        <value type="int" value="6"/>
        <value type="int" value="2"/>
        <value type="int" value="9"/>
      </property>
      <property name="background-style" type="uint" value="0"/>
      <property name="mode" type="uint" value="0"/>
      <property name="size" type="uint" value="32"/>
      <property name="autohide" type="bool" value="false"/>
    </property>
  </property>
  <property name="plugins" type="empty">
    <property name="plugin-1" type="string" value="applicationsmenu">
      <property name="show-button-title" type="bool" value="false"/>
      <property name="button-icon" type="string" value="/usr/share/images/star-logo-2.1.svg"/>
    </property>
    <property name="plugin-3" type="string" value="tasklist"/>
    <property name="plugin-4" type="string" value="pager">
      <property name="rows" type="uint" value="1"/>
    </property>
    <property name="plugin-6" type="string" value="systray">
      <property name="names-visible" type="array">
        <value type="string" value="vlc"/>
        <value type="string" value="uget-gtk"/>
        <value type="string" value="transmission"/>
        <value type="string" value="thunar"/>
        <value type="string" value="wicd-client.py"/>
      </property>
      <property name="show-frame" type="bool" value="false"/>
    </property>
    <property name="plugin-2" type="string" value="clock">
      <property name="show-frame" type="bool" value="false"/>
    </property>
    <property name="plugin-5" type="string" value="separator">
      <property name="expand" type="bool" value="false"/>
      <property name="style" type="uint" value="1"/>
    </property>
    <property name="plugin-16" type="string" value="separator">
      <property name="style" type="uint" value="1"/>
    </property>
    <property name="plugin-17" type="string" value="separator">
      <property name="expand" type="bool" value="true"/>
      <property name="style" type="uint" value="1"/>
    </property>
    <property name="plugin-18" type="string" value="showdesktop"/>
    <property name="plugin-20" type="string" value="launcher">
      <property name="items" type="array">
        <value type="string" value="14052018371.desktop"/>
      </property>
    </property>
    <property name="plugin-21" type="string" value="launcher">
      <property name="items" type="array">
        <value type="string" value="14052018802.desktop"/>
      </property>
    </property>
    <property name="plugin-22" type="string" value="launcher">
      <property name="items" type="array">
        <value type="string" value="14052019173.desktop"/>
      </property>
    </property>
    <property name="plugin-7" type="string" value="separator">
      <property name="style" type="uint" value="1"/>
    </property>
    <property name="plugin-9" type="string" value="separator">
      <property name="style" type="uint" value="1"/>
    </property>
  </property>
  <property name="configver" type="int" value="2"/>
</channel>
